{
  "header": {
    "title": "Brand Target Tracking",
    "lyColumns": [
      "LY",
      "TOFT",
      "TONT",
      "HoReCa",
      "MOFT",
      "DIRS",
      "Total"
    ],
    "tgtColumns": [
      "TGT",
      "TGT"
    ],
    "breakdownColumns": [
      "TOFT",
      "TONT",
      "HoReCa",
      "MOFT",
      "DIRS",
      "Total"
    ]
  },
  "totals": {
    "ly": 1594461.3039,
    "lyToft": 1157455.05,
    "lyTont": 221379.872,
    "lyHoreca": 59275.935999999994,
    "lyMoft": 161562.074076,
    "lyDirs": 7751.096000000001,
    "lyTotal": 1607424.0280760003,
    "tgt1": 1788000.0000000005,
    "tgt2": 1788000.0000000002,
    "tgtToft": 1306363.5683254201,
    "tgtTont": 239280.90136934316,
    "tgtHoreca": 59612.36432321476,
    "tgtMoft": 175329.25809873643,
    "tgtDirs": 7413.907883285711,
    "tgtTotal": 1788000.0000000002
  },
  "data": [
    {
      "brand": "CB",
      "ly": 30482.322000000004,
      "lyToft": 18008.685,
      "lyTont": 3269.0099999999998,
      "lyHoreca": 4006.02,
      "lyMoft": 6291.368,
      "lyDirs": 112,
      "lyTotal": 31687.083,
      "tgt1": 33000,
      "tgt2": 33000,
      "tgtToft": 18754.85367334065,
      "tgtTont": 3404.457582921091,
      "tgtHoreca": 4172.0047250799325,
      "tgtMoft": 6552.0434304413575,
      "tgtDirs": 116.64058821697157,
      "tgtTotal": 33000.00000000001
    },
    {
      "brand": "LL",
      "ly": 166927.14400000003,
      "lyToft": 97402.88,
      "lyTont": 12343.85,
      "lyHoreca": 42259.11,
      "lyMoft": 25186.305376,
      "lyDirs": 2476.8,
      "lyTotal": 179668.94537600002,
      "tgt1": 180000,
      "tgt2": 180000,
      "tgtToft": 97582.35271715451,
      "tgtTont": 12366.59454615354,
      "tgtHoreca": 42336.975842326545,
      "tgtMoft": 25232.713189207512,
      "tgtDirs": 2481.3637051578794,
      "tgtTotal": 180000
    },
    {
      "brand": "SB",
      "ly": 926033.9239999999,
      "lyToft": 685940,
      "lyTont": 138744,
      "lyHoreca": 3212.48,
      "lyMoft": 70357.6,
      "lyDirs": 160,
      "lyTotal": 898414.08,
      "tgt1": 996900,
      "tgt2": 997053.295,
      "tgtToft": 763143.1263992436,
      "tgtTont": 152741.60703434207,
      "tgtHoreca": 3536.5807369376926,
      "tgtMoft": 77455.83874675247,
      "tgtDirs": 176.14208272426,
      "tgtTotal": 997053.295
    },
    {
      "brand": "LS",
      "ly": 172578.09379999997,
      "lyToft": 131208,
      "lyTont": 24032,
      "lyHoreca": 935.12,
      "lyMoft": 14103.36,
      "lyDirs": 0,
      "lyTotal": 170278.47999999998,
      "tgt1": 180000,
      "tgt2": 180000,
      "tgtToft": 138698.91251084695,
      "tgtTont": 25404.03226526335,
      "tgtHoreca": 988.5077668064691,
      "tgtMoft": 14908.547457083245,
      "tgtDirs": 0,
      "tgtTotal": 180000
    },
    {
      "brand": "CBSB",
      "ly": 225618.26599999997,
      "lyToft": 151029.345,
      "lyTont": 35186.645,
      "lyHoreca": 1848.666,
      "lyMoft": 23347.6,
      "lyDirs": 1280,
      "lyTotal": 212692.256,
      "tgt1": 220000,
      "tgt2": 220000,
      "tgtToft": 156218.45630336442,
      "tgtTont": 36395.598248767456,
      "tgtHoreca": 1912.1830180784768,
      "tgtMoft": 24149.783807831725,
      "tgtDirs": 1323.9786219579146,
      "tgtTotal": 220000
    },
    {
      "brand": "SP",
      "ly": 0,
      "lyToft": 0,
      "lyTont": 0,
      "lyHoreca": 0,
      "lyMoft": 0,
      "lyDirs": 0,
      "lyTotal": 0,
      "tgt1": 30000,
      "tgt2": 30000,
      "tgtToft": 30000,
      "tgtTont": 0,
      "tgtHoreca": 0,
      "tgtMoft": 0,
      "tgtDirs": 0,
      "tgtTotal": 30000
    },
    {
      "brand": "GB",
      "ly": 22136,
      "lyToft": 13500,
      "lyTont": 3100,
      "lyHoreca": 35,
      "lyMoft": 1250,
      "lyDirs": 0,
      "lyTotal": 17885,
      "tgt1": 22000,
      "tgt2": 22000,
      "tgtToft": 16606.094492591557,
      "tgtTont": 3813.2513279284317,
      "tgtHoreca": 43.05283757338552,
      "tgtMoft": 1537.6013419066255,
      "tgtDirs": 0,
      "tgtTotal": 22000
    },
    {
      "brand": "RY-Apple",
      "ly": 22248,
      "lyToft": 16480,
      "lyTont": 2080,
      "lyHoreca": 144,
      "lyMoft": 4400,
      "lyDirs": 0,
      "lyTotal": 23104,
      "tgt1": 30000,
      "tgt2": 30000,
      "tgtToft": 21398.891966759,
      "tgtTont": 2700.831024930748,
      "tgtHoreca": 186.98060941828257,
      "tgtMoft": 5713.296398891967,
      "tgtDirs": 0,
      "tgtTotal": 30000
    },
    {
      "brand": "RY-Ginger",
      "ly": 3868.8,
      "lyToft": 3360,
      "lyTont": 480,
      "lyHoreca": 16,
      "lyMoft": 640,
      "lyDirs": 0,
      "lyTotal": 4496,
      "tgt1": 4000,
      "tgt2": 4000,
      "tgtToft": 2989.3238434163704,
      "tgtTont": 427.04626334519577,
      "tgtHoreca": 14.234875444839856,
      "tgtMoft": 569.3950177935943,
      "tgtDirs": 0,
      "tgtTotal": 4000.0000000000005
    },
    {
      "brand": "Guiness",
      "ly": 2180.7241,
      "lyToft": 788.0039999999999,
      "lyTont": 420.667,
      "lyHoreca": 428.005,
      "lyMoft": 751.1133,
      "lyDirs": 0,
      "lyTotal": 2387.7893,
      "tgt1": 2000.0000000000002,
      "tgt2": 2000.0000000000002,
      "tgtToft": 660.0280853926265,
      "tgtTont": 352.348509141908,
      "tgtHoreca": 358.49478008800867,
      "tgtMoft": 629.128625377457,
      "tgtDirs": 0,
      "tgtTotal": 2000
    },
    {
      "brand": "CB Smooth",
      "ly": 4556.2519999999995,
      "lyToft": 1664.68,
      "lyTont": 382,
      "lyHoreca": 829.6,
      "lyMoft": 1342.9,
      "lyDirs": 480,
      "lyTotal": 4699.18,
      "tgt1": 4200,
      "tgt2": 4200,
      "tgtToft": 1487.845964615103,
      "tgtTont": 341.42126924271895,
      "tgtHoreca": 741.4740444077477,
      "tgtMoft": 1200.2477027906996,
      "tgtDirs": 429.01101894373056,
      "tgtTotal": 4200
    },
    {
      "brand": "Lion Ice",
      "ly": 2753.821,
      "lyToft": 1820.0700000000002,
      "lyTont": 173.34,
      "lyHoreca": 1906.74,
      "lyMoft": 260.01,
      "lyDirs": 69.336,
      "lyTotal": 4229.496,
      "tgt1": 4000,
      "tgt2": 4000,
      "tgtToft": 1721.3114754098362,
      "tgtTont": 163.93442622950818,
      "tgtHoreca": 1803.2786885245903,
      "tgtMoft": 245.9016393442623,
      "tgtDirs": 65.57377049180329,
      "tgtTotal": 4000
    },
    {
      "brand": "Lion Ice Narang",
      "ly": 0,
      "lyToft": 0,
      "lyTont": 0,
      "lyHoreca": 0,
      "lyMoft": 0,
      "lyDirs": 0,
      "lyTotal": 0,
      "tgt1": 0,
      "tgt2": 0,
      "tgtToft": 0,
      "tgtTont": 0,
      "tgtHoreca": 0,
      "tgtMoft": 0,
      "tgtDirs": 0,
      "tgtTotal": 0
    },
    {
      "brand": "Somersby - Apple",
      "ly": 7190.8617,
      "lyToft": 3325.064,
      "lyTont": 342,
      "lyHoreca": 606.4,
      "lyMoft": 2537.5873999999994,
      "lyDirs": 480,
      "lyTotal": 7291.051399999999,
      "tgt1": 7500,
      "tgt2": 7500,
      "tgtToft": 3420.3544361242607,
      "tgtTont": 351.80111334834373,
      "tgtHoreca": 623.778348346303,
      "tgtMoft": 2610.310153622014,
      "tgtDirs": 493.7559485590789,
      "tgtTotal": 7500
    },
    {
      "brand": "Somersby - Blackberry",
      "ly": 6442.1233,
      "lyToft": 3666.932,
      "lyTont": 461.2,
      "lyHoreca": 375.2,
      "lyMoft": 2250.2299999999996,
      "lyDirs": 240,
      "lyTotal": 6993.561999999999,
      "tgt1": 7000,
      "tgt2": 7000,
      "tgtToft": 3670.307634364292,
      "tgtTont": 461.6245627049564,
      "tgtHoreca": 375.545394464223,
      "tgtMoft": 2252.301473841227,
      "tgtDirs": 240.2209346253026,
      "tgtTotal": 7000.000000000001
    },
    {
      "brand": "Somersby Mango Lime",
      "ly": 0,
      "lyToft": 1404,
      "lyTont": 205.2,
      "lyHoreca": 208,
      "lyMoft": 1071.2,
      "lyDirs": 240,
      "lyTotal": 3128.4,
      "tgt1": 3300,
      "tgt2": 3300,
      "tgtToft": 1481.012658227848,
      "tgtTont": 216.4556962025316,
      "tgtHoreca": 219.40928270042193,
      "tgtMoft": 1129.957805907173,